Receiving Committee,average
Baker,112.25105400696864
Franchot,903.1029261672096
Gansler,660.2490221642764
King,322.5488000586768
Moore,373.70931575131414
Perez,608.1307494434826
Schulz,625.8222985197368
